{
  positions: [{
    "x1": 114.083391,
    "y1": 22.545458,
    "x2": 114.08371,
    "y2": 22.544874
  },
  {
    "x1": 114.083396,
    "y1": 22.544632,
    "x2": 114.083737,
    "y2": 22.544073
  },
  {
    "x1": 114.083494,
    "y1": 22.53975,
    "x2": 114.083885,
    "y2": 22.538962
  },
  {
    "x1": 114.083418,
    "y1": 22.538995,
    "x2": 114.084065,
    "y2": 22.538186
  }]
}
